image_id,image_idx
0,C:/Users/Krima/Documents/MWDB_proj/Code/data\input_images\0.png
1,C:/Users/Krima/Documents/MWDB_proj/Code/data\input_images\1.png
2,C:/Users/Krima/Documents/MWDB_proj/Code/data\input_images\10.png
3,C:/Users/Krima/Documents/MWDB_proj/Code/data\input_images\100.png
4,C:/Users/Krima/Documents/MWDB_proj/Code/data\input_images\101.png
5,C:/Users/Krima/Documents/MWDB_proj/Code/data\input_images\102.png
6,C:/Users/Krima/Documents/MWDB_proj/Code/data\input_images\103.png
7,C:/Users/Krima/Documents/MWDB_proj/Code/data\input_images\104.png
8,C:/Users/Krima/Documents/MWDB_proj/Code/data\input_images\105.png
9,C:/Users/Krima/Documents/MWDB_proj/Code/data\input_images\106.png
10,C:/Users/Krima/Documents/MWDB_proj/Code/data\input_images\107.png
11,C:/Users/Krima/Documents/MWDB_proj/Code/data\input_images\108.png
12,C:/Users/Krima/Documents/MWDB_proj/Code/data\input_images\109.png
13,C:/Users/Krima/Documents/MWDB_proj/Code/data\input_images\11.png
14,C:/Users/Krima/Documents/MWDB_proj/Code/data\input_images\110.png
15,C:/Users/Krima/Documents/MWDB_proj/Code/data\input_images\111.png
16,C:/Users/Krima/Documents/MWDB_proj/Code/data\input_images\112.png
17,C:/Users/Krima/Documents/MWDB_proj/Code/data\input_images\113.png
18,C:/Users/Krima/Documents/MWDB_proj/Code/data\input_images\114.png
19,C:/Users/Krima/Documents/MWDB_proj/Code/data\input_images\115.png
20,C:/Users/Krima/Documents/MWDB_proj/Code/data\input_images\116.png
21,C:/Users/Krima/Documents/MWDB_proj/Code/data\input_images\117.png
22,C:/Users/Krima/Documents/MWDB_proj/Code/data\input_images\118.png
23,C:/Users/Krima/Documents/MWDB_proj/Code/data\input_images\119.png
24,C:/Users/Krima/Documents/MWDB_proj/Code/data\input_images\12.png
25,C:/Users/Krima/Documents/MWDB_proj/Code/data\input_images\120.png
26,C:/Users/Krima/Documents/MWDB_proj/Code/data\input_images\121.png
27,C:/Users/Krima/Documents/MWDB_proj/Code/data\input_images\122.png
28,C:/Users/Krima/Documents/MWDB_proj/Code/data\input_images\123.png
29,C:/Users/Krima/Documents/MWDB_proj/Code/data\input_images\124.png
30,C:/Users/Krima/Documents/MWDB_proj/Code/data\input_images\125.png
31,C:/Users/Krima/Documents/MWDB_proj/Code/data\input_images\126.png
32,C:/Users/Krima/Documents/MWDB_proj/Code/data\input_images\127.png
33,C:/Users/Krima/Documents/MWDB_proj/Code/data\input_images\128.png
34,C:/Users/Krima/Documents/MWDB_proj/Code/data\input_images\129.png
35,C:/Users/Krima/Documents/MWDB_proj/Code/data\input_images\13.png
36,C:/Users/Krima/Documents/MWDB_proj/Code/data\input_images\130.png
37,C:/Users/Krima/Documents/MWDB_proj/Code/data\input_images\131.png
38,C:/Users/Krima/Documents/MWDB_proj/Code/data\input_images\132.png
39,C:/Users/Krima/Documents/MWDB_proj/Code/data\input_images\133.png
40,C:/Users/Krima/Documents/MWDB_proj/Code/data\input_images\134.png
41,C:/Users/Krima/Documents/MWDB_proj/Code/data\input_images\135.png
42,C:/Users/Krima/Documents/MWDB_proj/Code/data\input_images\136.png
43,C:/Users/Krima/Documents/MWDB_proj/Code/data\input_images\137.png
44,C:/Users/Krima/Documents/MWDB_proj/Code/data\input_images\138.png
45,C:/Users/Krima/Documents/MWDB_proj/Code/data\input_images\139.png
46,C:/Users/Krima/Documents/MWDB_proj/Code/data\input_images\14.png
47,C:/Users/Krima/Documents/MWDB_proj/Code/data\input_images\140.png
48,C:/Users/Krima/Documents/MWDB_proj/Code/data\input_images\141.png
49,C:/Users/Krima/Documents/MWDB_proj/Code/data\input_images\142.png
50,C:/Users/Krima/Documents/MWDB_proj/Code/data\input_images\143.png
51,C:/Users/Krima/Documents/MWDB_proj/Code/data\input_images\144.png
52,C:/Users/Krima/Documents/MWDB_proj/Code/data\input_images\145.png
53,C:/Users/Krima/Documents/MWDB_proj/Code/data\input_images\146.png
54,C:/Users/Krima/Documents/MWDB_proj/Code/data\input_images\147.png
55,C:/Users/Krima/Documents/MWDB_proj/Code/data\input_images\148.png
56,C:/Users/Krima/Documents/MWDB_proj/Code/data\input_images\149.png
57,C:/Users/Krima/Documents/MWDB_proj/Code/data\input_images\15.png
58,C:/Users/Krima/Documents/MWDB_proj/Code/data\input_images\150.png
59,C:/Users/Krima/Documents/MWDB_proj/Code/data\input_images\151.png
60,C:/Users/Krima/Documents/MWDB_proj/Code/data\input_images\152.png
61,C:/Users/Krima/Documents/MWDB_proj/Code/data\input_images\153.png
62,C:/Users/Krima/Documents/MWDB_proj/Code/data\input_images\154.png
63,C:/Users/Krima/Documents/MWDB_proj/Code/data\input_images\155.png
64,C:/Users/Krima/Documents/MWDB_proj/Code/data\input_images\156.png
65,C:/Users/Krima/Documents/MWDB_proj/Code/data\input_images\157.png
66,C:/Users/Krima/Documents/MWDB_proj/Code/data\input_images\158.png
67,C:/Users/Krima/Documents/MWDB_proj/Code/data\input_images\159.png
68,C:/Users/Krima/Documents/MWDB_proj/Code/data\input_images\16.png
69,C:/Users/Krima/Documents/MWDB_proj/Code/data\input_images\160.png
70,C:/Users/Krima/Documents/MWDB_proj/Code/data\input_images\161.png
71,C:/Users/Krima/Documents/MWDB_proj/Code/data\input_images\162.png
72,C:/Users/Krima/Documents/MWDB_proj/Code/data\input_images\163.png
73,C:/Users/Krima/Documents/MWDB_proj/Code/data\input_images\164.png
74,C:/Users/Krima/Documents/MWDB_proj/Code/data\input_images\165.png
75,C:/Users/Krima/Documents/MWDB_proj/Code/data\input_images\166.png
76,C:/Users/Krima/Documents/MWDB_proj/Code/data\input_images\167.png
77,C:/Users/Krima/Documents/MWDB_proj/Code/data\input_images\168.png
78,C:/Users/Krima/Documents/MWDB_proj/Code/data\input_images\169.png
79,C:/Users/Krima/Documents/MWDB_proj/Code/data\input_images\17.png
80,C:/Users/Krima/Documents/MWDB_proj/Code/data\input_images\170.png
81,C:/Users/Krima/Documents/MWDB_proj/Code/data\input_images\171.png
82,C:/Users/Krima/Documents/MWDB_proj/Code/data\input_images\172.png
83,C:/Users/Krima/Documents/MWDB_proj/Code/data\input_images\173.png
84,C:/Users/Krima/Documents/MWDB_proj/Code/data\input_images\174.png
85,C:/Users/Krima/Documents/MWDB_proj/Code/data\input_images\175.png
86,C:/Users/Krima/Documents/MWDB_proj/Code/data\input_images\176.png
87,C:/Users/Krima/Documents/MWDB_proj/Code/data\input_images\177.png
88,C:/Users/Krima/Documents/MWDB_proj/Code/data\input_images\178.png
89,C:/Users/Krima/Documents/MWDB_proj/Code/data\input_images\179.png
90,C:/Users/Krima/Documents/MWDB_proj/Code/data\input_images\18.png
91,C:/Users/Krima/Documents/MWDB_proj/Code/data\input_images\180.png
92,C:/Users/Krima/Documents/MWDB_proj/Code/data\input_images\181.png
93,C:/Users/Krima/Documents/MWDB_proj/Code/data\input_images\182.png
94,C:/Users/Krima/Documents/MWDB_proj/Code/data\input_images\183.png
95,C:/Users/Krima/Documents/MWDB_proj/Code/data\input_images\184.png
96,C:/Users/Krima/Documents/MWDB_proj/Code/data\input_images\185.png
97,C:/Users/Krima/Documents/MWDB_proj/Code/data\input_images\186.png
98,C:/Users/Krima/Documents/MWDB_proj/Code/data\input_images\187.png
99,C:/Users/Krima/Documents/MWDB_proj/Code/data\input_images\188.png
100,C:/Users/Krima/Documents/MWDB_proj/Code/data\input_images\189.png
101,C:/Users/Krima/Documents/MWDB_proj/Code/data\input_images\19.png
102,C:/Users/Krima/Documents/MWDB_proj/Code/data\input_images\190.png
103,C:/Users/Krima/Documents/MWDB_proj/Code/data\input_images\191.png
104,C:/Users/Krima/Documents/MWDB_proj/Code/data\input_images\192.png
105,C:/Users/Krima/Documents/MWDB_proj/Code/data\input_images\193.png
106,C:/Users/Krima/Documents/MWDB_proj/Code/data\input_images\194.png
107,C:/Users/Krima/Documents/MWDB_proj/Code/data\input_images\195.png
108,C:/Users/Krima/Documents/MWDB_proj/Code/data\input_images\196.png
109,C:/Users/Krima/Documents/MWDB_proj/Code/data\input_images\197.png
110,C:/Users/Krima/Documents/MWDB_proj/Code/data\input_images\198.png
111,C:/Users/Krima/Documents/MWDB_proj/Code/data\input_images\199.png
112,C:/Users/Krima/Documents/MWDB_proj/Code/data\input_images\2.png
113,C:/Users/Krima/Documents/MWDB_proj/Code/data\input_images\20.png
114,C:/Users/Krima/Documents/MWDB_proj/Code/data\input_images\200.png
115,C:/Users/Krima/Documents/MWDB_proj/Code/data\input_images\201.png
116,C:/Users/Krima/Documents/MWDB_proj/Code/data\input_images\202.png
117,C:/Users/Krima/Documents/MWDB_proj/Code/data\input_images\203.png
118,C:/Users/Krima/Documents/MWDB_proj/Code/data\input_images\204.png
119,C:/Users/Krima/Documents/MWDB_proj/Code/data\input_images\205.png
120,C:/Users/Krima/Documents/MWDB_proj/Code/data\input_images\206.png
121,C:/Users/Krima/Documents/MWDB_proj/Code/data\input_images\207.png
122,C:/Users/Krima/Documents/MWDB_proj/Code/data\input_images\208.png
123,C:/Users/Krima/Documents/MWDB_proj/Code/data\input_images\209.png
124,C:/Users/Krima/Documents/MWDB_proj/Code/data\input_images\21.png
125,C:/Users/Krima/Documents/MWDB_proj/Code/data\input_images\210.png
126,C:/Users/Krima/Documents/MWDB_proj/Code/data\input_images\211.png
127,C:/Users/Krima/Documents/MWDB_proj/Code/data\input_images\212.png
128,C:/Users/Krima/Documents/MWDB_proj/Code/data\input_images\213.png
129,C:/Users/Krima/Documents/MWDB_proj/Code/data\input_images\214.png
130,C:/Users/Krima/Documents/MWDB_proj/Code/data\input_images\215.png
131,C:/Users/Krima/Documents/MWDB_proj/Code/data\input_images\216.png
132,C:/Users/Krima/Documents/MWDB_proj/Code/data\input_images\217.png
133,C:/Users/Krima/Documents/MWDB_proj/Code/data\input_images\218.png
134,C:/Users/Krima/Documents/MWDB_proj/Code/data\input_images\219.png
135,C:/Users/Krima/Documents/MWDB_proj/Code/data\input_images\22.png
136,C:/Users/Krima/Documents/MWDB_proj/Code/data\input_images\220.png
137,C:/Users/Krima/Documents/MWDB_proj/Code/data\input_images\221.png
138,C:/Users/Krima/Documents/MWDB_proj/Code/data\input_images\222.png
139,C:/Users/Krima/Documents/MWDB_proj/Code/data\input_images\223.png
140,C:/Users/Krima/Documents/MWDB_proj/Code/data\input_images\224.png
141,C:/Users/Krima/Documents/MWDB_proj/Code/data\input_images\225.png
142,C:/Users/Krima/Documents/MWDB_proj/Code/data\input_images\226.png
143,C:/Users/Krima/Documents/MWDB_proj/Code/data\input_images\227.png
144,C:/Users/Krima/Documents/MWDB_proj/Code/data\input_images\228.png
145,C:/Users/Krima/Documents/MWDB_proj/Code/data\input_images\229.png
146,C:/Users/Krima/Documents/MWDB_proj/Code/data\input_images\23.png
147,C:/Users/Krima/Documents/MWDB_proj/Code/data\input_images\230.png
148,C:/Users/Krima/Documents/MWDB_proj/Code/data\input_images\231.png
149,C:/Users/Krima/Documents/MWDB_proj/Code/data\input_images\232.png
150,C:/Users/Krima/Documents/MWDB_proj/Code/data\input_images\233.png
151,C:/Users/Krima/Documents/MWDB_proj/Code/data\input_images\234.png
152,C:/Users/Krima/Documents/MWDB_proj/Code/data\input_images\235.png
153,C:/Users/Krima/Documents/MWDB_proj/Code/data\input_images\236.png
154,C:/Users/Krima/Documents/MWDB_proj/Code/data\input_images\237.png
155,C:/Users/Krima/Documents/MWDB_proj/Code/data\input_images\238.png
156,C:/Users/Krima/Documents/MWDB_proj/Code/data\input_images\239.png
157,C:/Users/Krima/Documents/MWDB_proj/Code/data\input_images\24.png
158,C:/Users/Krima/Documents/MWDB_proj/Code/data\input_images\240.png
159,C:/Users/Krima/Documents/MWDB_proj/Code/data\input_images\241.png
160,C:/Users/Krima/Documents/MWDB_proj/Code/data\input_images\242.png
161,C:/Users/Krima/Documents/MWDB_proj/Code/data\input_images\243.png
162,C:/Users/Krima/Documents/MWDB_proj/Code/data\input_images\244.png
163,C:/Users/Krima/Documents/MWDB_proj/Code/data\input_images\245.png
164,C:/Users/Krima/Documents/MWDB_proj/Code/data\input_images\246.png
165,C:/Users/Krima/Documents/MWDB_proj/Code/data\input_images\247.png
166,C:/Users/Krima/Documents/MWDB_proj/Code/data\input_images\248.png
167,C:/Users/Krima/Documents/MWDB_proj/Code/data\input_images\249.png
168,C:/Users/Krima/Documents/MWDB_proj/Code/data\input_images\25.png
169,C:/Users/Krima/Documents/MWDB_proj/Code/data\input_images\250.png
170,C:/Users/Krima/Documents/MWDB_proj/Code/data\input_images\251.png
171,C:/Users/Krima/Documents/MWDB_proj/Code/data\input_images\252.png
172,C:/Users/Krima/Documents/MWDB_proj/Code/data\input_images\253.png
173,C:/Users/Krima/Documents/MWDB_proj/Code/data\input_images\254.png
174,C:/Users/Krima/Documents/MWDB_proj/Code/data\input_images\255.png
175,C:/Users/Krima/Documents/MWDB_proj/Code/data\input_images\256.png
176,C:/Users/Krima/Documents/MWDB_proj/Code/data\input_images\257.png
177,C:/Users/Krima/Documents/MWDB_proj/Code/data\input_images\258.png
178,C:/Users/Krima/Documents/MWDB_proj/Code/data\input_images\259.png
179,C:/Users/Krima/Documents/MWDB_proj/Code/data\input_images\26.png
180,C:/Users/Krima/Documents/MWDB_proj/Code/data\input_images\260.png
181,C:/Users/Krima/Documents/MWDB_proj/Code/data\input_images\261.png
182,C:/Users/Krima/Documents/MWDB_proj/Code/data\input_images\262.png
183,C:/Users/Krima/Documents/MWDB_proj/Code/data\input_images\263.png
184,C:/Users/Krima/Documents/MWDB_proj/Code/data\input_images\264.png
185,C:/Users/Krima/Documents/MWDB_proj/Code/data\input_images\265.png
186,C:/Users/Krima/Documents/MWDB_proj/Code/data\input_images\266.png
187,C:/Users/Krima/Documents/MWDB_proj/Code/data\input_images\267.png
188,C:/Users/Krima/Documents/MWDB_proj/Code/data\input_images\268.png
189,C:/Users/Krima/Documents/MWDB_proj/Code/data\input_images\269.png
190,C:/Users/Krima/Documents/MWDB_proj/Code/data\input_images\27.png
191,C:/Users/Krima/Documents/MWDB_proj/Code/data\input_images\270.png
192,C:/Users/Krima/Documents/MWDB_proj/Code/data\input_images\271.png
193,C:/Users/Krima/Documents/MWDB_proj/Code/data\input_images\272.png
194,C:/Users/Krima/Documents/MWDB_proj/Code/data\input_images\273.png
195,C:/Users/Krima/Documents/MWDB_proj/Code/data\input_images\274.png
196,C:/Users/Krima/Documents/MWDB_proj/Code/data\input_images\275.png
197,C:/Users/Krima/Documents/MWDB_proj/Code/data\input_images\276.png
198,C:/Users/Krima/Documents/MWDB_proj/Code/data\input_images\277.png
199,C:/Users/Krima/Documents/MWDB_proj/Code/data\input_images\278.png
200,C:/Users/Krima/Documents/MWDB_proj/Code/data\input_images\279.png
201,C:/Users/Krima/Documents/MWDB_proj/Code/data\input_images\28.png
202,C:/Users/Krima/Documents/MWDB_proj/Code/data\input_images\280.png
203,C:/Users/Krima/Documents/MWDB_proj/Code/data\input_images\281.png
204,C:/Users/Krima/Documents/MWDB_proj/Code/data\input_images\282.png
205,C:/Users/Krima/Documents/MWDB_proj/Code/data\input_images\283.png
206,C:/Users/Krima/Documents/MWDB_proj/Code/data\input_images\284.png
207,C:/Users/Krima/Documents/MWDB_proj/Code/data\input_images\285.png
208,C:/Users/Krima/Documents/MWDB_proj/Code/data\input_images\286.png
209,C:/Users/Krima/Documents/MWDB_proj/Code/data\input_images\287.png
210,C:/Users/Krima/Documents/MWDB_proj/Code/data\input_images\288.png
211,C:/Users/Krima/Documents/MWDB_proj/Code/data\input_images\289.png
212,C:/Users/Krima/Documents/MWDB_proj/Code/data\input_images\29.png
213,C:/Users/Krima/Documents/MWDB_proj/Code/data\input_images\290.png
214,C:/Users/Krima/Documents/MWDB_proj/Code/data\input_images\291.png
215,C:/Users/Krima/Documents/MWDB_proj/Code/data\input_images\292.png
216,C:/Users/Krima/Documents/MWDB_proj/Code/data\input_images\293.png
217,C:/Users/Krima/Documents/MWDB_proj/Code/data\input_images\294.png
218,C:/Users/Krima/Documents/MWDB_proj/Code/data\input_images\295.png
219,C:/Users/Krima/Documents/MWDB_proj/Code/data\input_images\296.png
220,C:/Users/Krima/Documents/MWDB_proj/Code/data\input_images\297.png
221,C:/Users/Krima/Documents/MWDB_proj/Code/data\input_images\298.png
222,C:/Users/Krima/Documents/MWDB_proj/Code/data\input_images\299.png
223,C:/Users/Krima/Documents/MWDB_proj/Code/data\input_images\3.png
224,C:/Users/Krima/Documents/MWDB_proj/Code/data\input_images\30.png
225,C:/Users/Krima/Documents/MWDB_proj/Code/data\input_images\300.png
226,C:/Users/Krima/Documents/MWDB_proj/Code/data\input_images\301.png
227,C:/Users/Krima/Documents/MWDB_proj/Code/data\input_images\302.png
228,C:/Users/Krima/Documents/MWDB_proj/Code/data\input_images\303.png
229,C:/Users/Krima/Documents/MWDB_proj/Code/data\input_images\304.png
230,C:/Users/Krima/Documents/MWDB_proj/Code/data\input_images\305.png
231,C:/Users/Krima/Documents/MWDB_proj/Code/data\input_images\306.png
232,C:/Users/Krima/Documents/MWDB_proj/Code/data\input_images\307.png
233,C:/Users/Krima/Documents/MWDB_proj/Code/data\input_images\308.png
234,C:/Users/Krima/Documents/MWDB_proj/Code/data\input_images\309.png
235,C:/Users/Krima/Documents/MWDB_proj/Code/data\input_images\31.png
236,C:/Users/Krima/Documents/MWDB_proj/Code/data\input_images\310.png
237,C:/Users/Krima/Documents/MWDB_proj/Code/data\input_images\311.png
238,C:/Users/Krima/Documents/MWDB_proj/Code/data\input_images\312.png
239,C:/Users/Krima/Documents/MWDB_proj/Code/data\input_images\313.png
240,C:/Users/Krima/Documents/MWDB_proj/Code/data\input_images\314.png
241,C:/Users/Krima/Documents/MWDB_proj/Code/data\input_images\315.png
242,C:/Users/Krima/Documents/MWDB_proj/Code/data\input_images\316.png
243,C:/Users/Krima/Documents/MWDB_proj/Code/data\input_images\317.png
244,C:/Users/Krima/Documents/MWDB_proj/Code/data\input_images\318.png
245,C:/Users/Krima/Documents/MWDB_proj/Code/data\input_images\319.png
246,C:/Users/Krima/Documents/MWDB_proj/Code/data\input_images\32.png
247,C:/Users/Krima/Documents/MWDB_proj/Code/data\input_images\320.png
248,C:/Users/Krima/Documents/MWDB_proj/Code/data\input_images\321.png
249,C:/Users/Krima/Documents/MWDB_proj/Code/data\input_images\322.png
250,C:/Users/Krima/Documents/MWDB_proj/Code/data\input_images\323.png
251,C:/Users/Krima/Documents/MWDB_proj/Code/data\input_images\324.png
252,C:/Users/Krima/Documents/MWDB_proj/Code/data\input_images\325.png
253,C:/Users/Krima/Documents/MWDB_proj/Code/data\input_images\326.png
254,C:/Users/Krima/Documents/MWDB_proj/Code/data\input_images\327.png
255,C:/Users/Krima/Documents/MWDB_proj/Code/data\input_images\328.png
256,C:/Users/Krima/Documents/MWDB_proj/Code/data\input_images\329.png
257,C:/Users/Krima/Documents/MWDB_proj/Code/data\input_images\33.png
258,C:/Users/Krima/Documents/MWDB_proj/Code/data\input_images\330.png
259,C:/Users/Krima/Documents/MWDB_proj/Code/data\input_images\331.png
260,C:/Users/Krima/Documents/MWDB_proj/Code/data\input_images\332.png
261,C:/Users/Krima/Documents/MWDB_proj/Code/data\input_images\333.png
262,C:/Users/Krima/Documents/MWDB_proj/Code/data\input_images\334.png
263,C:/Users/Krima/Documents/MWDB_proj/Code/data\input_images\335.png
264,C:/Users/Krima/Documents/MWDB_proj/Code/data\input_images\336.png
265,C:/Users/Krima/Documents/MWDB_proj/Code/data\input_images\337.png
266,C:/Users/Krima/Documents/MWDB_proj/Code/data\input_images\338.png
267,C:/Users/Krima/Documents/MWDB_proj/Code/data\input_images\339.png
268,C:/Users/Krima/Documents/MWDB_proj/Code/data\input_images\34.png
269,C:/Users/Krima/Documents/MWDB_proj/Code/data\input_images\340.png
270,C:/Users/Krima/Documents/MWDB_proj/Code/data\input_images\341.png
271,C:/Users/Krima/Documents/MWDB_proj/Code/data\input_images\342.png
272,C:/Users/Krima/Documents/MWDB_proj/Code/data\input_images\343.png
273,C:/Users/Krima/Documents/MWDB_proj/Code/data\input_images\344.png
274,C:/Users/Krima/Documents/MWDB_proj/Code/data\input_images\345.png
275,C:/Users/Krima/Documents/MWDB_proj/Code/data\input_images\346.png
276,C:/Users/Krima/Documents/MWDB_proj/Code/data\input_images\347.png
277,C:/Users/Krima/Documents/MWDB_proj/Code/data\input_images\348.png
278,C:/Users/Krima/Documents/MWDB_proj/Code/data\input_images\349.png
279,C:/Users/Krima/Documents/MWDB_proj/Code/data\input_images\35.png
280,C:/Users/Krima/Documents/MWDB_proj/Code/data\input_images\350.png
281,C:/Users/Krima/Documents/MWDB_proj/Code/data\input_images\351.png
282,C:/Users/Krima/Documents/MWDB_proj/Code/data\input_images\352.png
283,C:/Users/Krima/Documents/MWDB_proj/Code/data\input_images\353.png
284,C:/Users/Krima/Documents/MWDB_proj/Code/data\input_images\354.png
285,C:/Users/Krima/Documents/MWDB_proj/Code/data\input_images\355.png
286,C:/Users/Krima/Documents/MWDB_proj/Code/data\input_images\356.png
287,C:/Users/Krima/Documents/MWDB_proj/Code/data\input_images\357.png
288,C:/Users/Krima/Documents/MWDB_proj/Code/data\input_images\358.png
289,C:/Users/Krima/Documents/MWDB_proj/Code/data\input_images\359.png
290,C:/Users/Krima/Documents/MWDB_proj/Code/data\input_images\36.png
291,C:/Users/Krima/Documents/MWDB_proj/Code/data\input_images\360.png
292,C:/Users/Krima/Documents/MWDB_proj/Code/data\input_images\361.png
293,C:/Users/Krima/Documents/MWDB_proj/Code/data\input_images\362.png
294,C:/Users/Krima/Documents/MWDB_proj/Code/data\input_images\363.png
295,C:/Users/Krima/Documents/MWDB_proj/Code/data\input_images\364.png
296,C:/Users/Krima/Documents/MWDB_proj/Code/data\input_images\365.png
297,C:/Users/Krima/Documents/MWDB_proj/Code/data\input_images\366.png
298,C:/Users/Krima/Documents/MWDB_proj/Code/data\input_images\367.png
299,C:/Users/Krima/Documents/MWDB_proj/Code/data\input_images\368.png
300,C:/Users/Krima/Documents/MWDB_proj/Code/data\input_images\369.png
301,C:/Users/Krima/Documents/MWDB_proj/Code/data\input_images\37.png
302,C:/Users/Krima/Documents/MWDB_proj/Code/data\input_images\370.png
303,C:/Users/Krima/Documents/MWDB_proj/Code/data\input_images\371.png
304,C:/Users/Krima/Documents/MWDB_proj/Code/data\input_images\372.png
305,C:/Users/Krima/Documents/MWDB_proj/Code/data\input_images\373.png
306,C:/Users/Krima/Documents/MWDB_proj/Code/data\input_images\374.png
307,C:/Users/Krima/Documents/MWDB_proj/Code/data\input_images\375.png
308,C:/Users/Krima/Documents/MWDB_proj/Code/data\input_images\376.png
309,C:/Users/Krima/Documents/MWDB_proj/Code/data\input_images\377.png
310,C:/Users/Krima/Documents/MWDB_proj/Code/data\input_images\378.png
311,C:/Users/Krima/Documents/MWDB_proj/Code/data\input_images\379.png
312,C:/Users/Krima/Documents/MWDB_proj/Code/data\input_images\38.png
313,C:/Users/Krima/Documents/MWDB_proj/Code/data\input_images\380.png
314,C:/Users/Krima/Documents/MWDB_proj/Code/data\input_images\381.png
315,C:/Users/Krima/Documents/MWDB_proj/Code/data\input_images\382.png
316,C:/Users/Krima/Documents/MWDB_proj/Code/data\input_images\383.png
317,C:/Users/Krima/Documents/MWDB_proj/Code/data\input_images\384.png
318,C:/Users/Krima/Documents/MWDB_proj/Code/data\input_images\385.png
319,C:/Users/Krima/Documents/MWDB_proj/Code/data\input_images\386.png
320,C:/Users/Krima/Documents/MWDB_proj/Code/data\input_images\387.png
321,C:/Users/Krima/Documents/MWDB_proj/Code/data\input_images\388.png
322,C:/Users/Krima/Documents/MWDB_proj/Code/data\input_images\389.png
323,C:/Users/Krima/Documents/MWDB_proj/Code/data\input_images\39.png
324,C:/Users/Krima/Documents/MWDB_proj/Code/data\input_images\390.png
325,C:/Users/Krima/Documents/MWDB_proj/Code/data\input_images\391.png
326,C:/Users/Krima/Documents/MWDB_proj/Code/data\input_images\392.png
327,C:/Users/Krima/Documents/MWDB_proj/Code/data\input_images\393.png
328,C:/Users/Krima/Documents/MWDB_proj/Code/data\input_images\394.png
329,C:/Users/Krima/Documents/MWDB_proj/Code/data\input_images\395.png
330,C:/Users/Krima/Documents/MWDB_proj/Code/data\input_images\396.png
331,C:/Users/Krima/Documents/MWDB_proj/Code/data\input_images\397.png
332,C:/Users/Krima/Documents/MWDB_proj/Code/data\input_images\398.png
333,C:/Users/Krima/Documents/MWDB_proj/Code/data\input_images\399.png
334,C:/Users/Krima/Documents/MWDB_proj/Code/data\input_images\4.png
335,C:/Users/Krima/Documents/MWDB_proj/Code/data\input_images\40.png
336,C:/Users/Krima/Documents/MWDB_proj/Code/data\input_images\41.png
337,C:/Users/Krima/Documents/MWDB_proj/Code/data\input_images\42.png
338,C:/Users/Krima/Documents/MWDB_proj/Code/data\input_images\43.png
339,C:/Users/Krima/Documents/MWDB_proj/Code/data\input_images\44.png
340,C:/Users/Krima/Documents/MWDB_proj/Code/data\input_images\45.png
341,C:/Users/Krima/Documents/MWDB_proj/Code/data\input_images\46.png
342,C:/Users/Krima/Documents/MWDB_proj/Code/data\input_images\47.png
343,C:/Users/Krima/Documents/MWDB_proj/Code/data\input_images\48.png
344,C:/Users/Krima/Documents/MWDB_proj/Code/data\input_images\49.png
345,C:/Users/Krima/Documents/MWDB_proj/Code/data\input_images\5.png
346,C:/Users/Krima/Documents/MWDB_proj/Code/data\input_images\50.png
347,C:/Users/Krima/Documents/MWDB_proj/Code/data\input_images\51.png
348,C:/Users/Krima/Documents/MWDB_proj/Code/data\input_images\52.png
349,C:/Users/Krima/Documents/MWDB_proj/Code/data\input_images\53.png
350,C:/Users/Krima/Documents/MWDB_proj/Code/data\input_images\54.png
351,C:/Users/Krima/Documents/MWDB_proj/Code/data\input_images\55.png
352,C:/Users/Krima/Documents/MWDB_proj/Code/data\input_images\56.png
353,C:/Users/Krima/Documents/MWDB_proj/Code/data\input_images\57.png
354,C:/Users/Krima/Documents/MWDB_proj/Code/data\input_images\58.png
355,C:/Users/Krima/Documents/MWDB_proj/Code/data\input_images\59.png
356,C:/Users/Krima/Documents/MWDB_proj/Code/data\input_images\6.png
357,C:/Users/Krima/Documents/MWDB_proj/Code/data\input_images\60.png
358,C:/Users/Krima/Documents/MWDB_proj/Code/data\input_images\61.png
359,C:/Users/Krima/Documents/MWDB_proj/Code/data\input_images\62.png
360,C:/Users/Krima/Documents/MWDB_proj/Code/data\input_images\63.png
361,C:/Users/Krima/Documents/MWDB_proj/Code/data\input_images\64.png
362,C:/Users/Krima/Documents/MWDB_proj/Code/data\input_images\65.png
363,C:/Users/Krima/Documents/MWDB_proj/Code/data\input_images\66.png
364,C:/Users/Krima/Documents/MWDB_proj/Code/data\input_images\67.png
365,C:/Users/Krima/Documents/MWDB_proj/Code/data\input_images\68.png
366,C:/Users/Krima/Documents/MWDB_proj/Code/data\input_images\69.png
367,C:/Users/Krima/Documents/MWDB_proj/Code/data\input_images\7.png
368,C:/Users/Krima/Documents/MWDB_proj/Code/data\input_images\70.png
369,C:/Users/Krima/Documents/MWDB_proj/Code/data\input_images\71.png
370,C:/Users/Krima/Documents/MWDB_proj/Code/data\input_images\72.png
371,C:/Users/Krima/Documents/MWDB_proj/Code/data\input_images\73.png
372,C:/Users/Krima/Documents/MWDB_proj/Code/data\input_images\74.png
373,C:/Users/Krima/Documents/MWDB_proj/Code/data\input_images\75.png
374,C:/Users/Krima/Documents/MWDB_proj/Code/data\input_images\76.png
375,C:/Users/Krima/Documents/MWDB_proj/Code/data\input_images\77.png
376,C:/Users/Krima/Documents/MWDB_proj/Code/data\input_images\78.png
377,C:/Users/Krima/Documents/MWDB_proj/Code/data\input_images\79.png
378,C:/Users/Krima/Documents/MWDB_proj/Code/data\input_images\8.png
379,C:/Users/Krima/Documents/MWDB_proj/Code/data\input_images\80.png
380,C:/Users/Krima/Documents/MWDB_proj/Code/data\input_images\81.png
381,C:/Users/Krima/Documents/MWDB_proj/Code/data\input_images\82.png
382,C:/Users/Krima/Documents/MWDB_proj/Code/data\input_images\83.png
383,C:/Users/Krima/Documents/MWDB_proj/Code/data\input_images\84.png
384,C:/Users/Krima/Documents/MWDB_proj/Code/data\input_images\85.png
385,C:/Users/Krima/Documents/MWDB_proj/Code/data\input_images\86.png
386,C:/Users/Krima/Documents/MWDB_proj/Code/data\input_images\87.png
387,C:/Users/Krima/Documents/MWDB_proj/Code/data\input_images\88.png
388,C:/Users/Krima/Documents/MWDB_proj/Code/data\input_images\89.png
389,C:/Users/Krima/Documents/MWDB_proj/Code/data\input_images\9.png
390,C:/Users/Krima/Documents/MWDB_proj/Code/data\input_images\90.png
391,C:/Users/Krima/Documents/MWDB_proj/Code/data\input_images\91.png
392,C:/Users/Krima/Documents/MWDB_proj/Code/data\input_images\92.png
393,C:/Users/Krima/Documents/MWDB_proj/Code/data\input_images\93.png
394,C:/Users/Krima/Documents/MWDB_proj/Code/data\input_images\94.png
395,C:/Users/Krima/Documents/MWDB_proj/Code/data\input_images\95.png
396,C:/Users/Krima/Documents/MWDB_proj/Code/data\input_images\96.png
397,C:/Users/Krima/Documents/MWDB_proj/Code/data\input_images\97.png
398,C:/Users/Krima/Documents/MWDB_proj/Code/data\input_images\98.png
399,C:/Users/Krima/Documents/MWDB_proj/Code/data\input_images\99.png
